Date,Open,High,Low,Close,Adj Close,Volume,Return,MA_20,MA_50,Volume_Change
2020-03-13,263.0899963378906,271.4800109863281,248.52000427246094,269.32000732421875,253.92137145996094,329566100,0.08548630309818428,304.99950180053713,319.26200225830075,-0.15974322619892323
2020-03-16,241.17999267578125,256.8999938964844,237.36000061035156,239.85000610351562,226.13636779785156,297240000,-0.10942373540494488,300.1120018005371,317.56160247802734,-0.09808684813152813
2020-03-17,245.0399932861328,256.1700134277344,237.07000732421875,252.8000030517578,238.34591674804688,262070500,0.05399206428476466,295.9155014038086,316.1694024658203,-0.11832021262279635
2020-03-18,236.25,248.3699951171875,228.02000427246094,240.0,226.27777099609375,327597100,-0.05063292285300003,290.9985015869141,314.49660217285157,0.25003424651000405
2020-03-19,239.25,247.3800048828125,232.22000122070312,240.50999450683594,226.75860595703125,289322000,0.002124977111816362,286.1765007019043,312.8522018432617,-0.11683589384643511
2020-03-20,242.52999877929688,244.47000122070312,228.5,228.8000030517578,216.9866180419922,347158800,-0.0486881698163496,280.94250030517577,310.93920166015624,0.1999046045582431
2020-03-23,228.19000244140625,229.67999267578125,218.25999450683594,222.9499969482422,211.43870544433594,326025200,-0.025568208153355143,275.9689994812012,308.8652017211914,-0.06087588734607907
2020-03-24,234.4199981689453,244.10000610351562,233.8000030517578,243.14999389648438,230.59568786621094,235494500,0.09060326182884682,272.4939994812012,307.21400177001954,-0.2776800689026493
2020-03-25,244.8699951171875,256.3500061035156,239.75,246.7899932861328,234.0477752685547,299430300,0.014970180880194084,269.2584991455078,305.5908013916016,0.2714959372724204
2020-03-26,249.52000427246094,262.79998779296875,249.0500030517578,261.20001220703125,247.71376037597656,257632800,0.05838980231338309,267.4429992675781,304.26580139160154,-0.13959008156489172
2020-03-27,253.27000427246094,260.80999755859375,251.0500030517578,253.4199981689453,240.33544921875,224341200,-0.029785657253030173,265.30099868774414,302.77040130615234,-0.12922112401837038
2020-03-30,255.6999969482422,262.42999267578125,253.52999877929688,261.6499938964844,248.14053344726562,171369500,0.03247571536186511,262.92899856567385,301.38500091552737,-0.23612114047709476
2020-03-31,260.55999755859375,263.3299865722656,256.2200012207031,257.75,244.44187927246094,194881100,-0.01490538500844496,260.80449905395506,299.9010006713867,0.1371982762393542
2020-04-01,247.97999572753906,257.6600036621094,243.89999389648438,246.14999389648438,233.4407958984375,189554600,-0.045004873340506735,257.4689994812012,298.198000793457,-0.027332050157762855
2020-04-02,245.19000244140625,252.67999267578125,244.58999633789062,251.8300018310547,238.82754516601562,177660400,0.023075393359379692,254.9375,296.6078009033203,-0.06274814749945401
2020-04-03,250.75999450683594,253.32000732421875,245.22000122070312,248.19000244140625,235.37550354003906,135561200,-0.014454192761712337,252.4740005493164,294.93720092773435,-0.23696445578193004
2020-04-06,257.8399963378906,267.0,248.1699981689453,264.8599853515625,251.18479919433594,188061200,0.06716621437679282,252.00549926757813,293.6590008544922,0.3872789559254417
2020-04-07,274.2099914550781,275.0299987792969,264.8900146484375,265.1300048828125,251.44091796875,201427200,0.0010194802770664424,250.84099884033202,292.4916009521484,0.07107260827858175
2020-04-08,267.9599914550781,276.0,265.25,274.0299987792969,259.8812561035156,153774500,0.03356841448563386,250.82449951171876,291.4344006347656,-0.2365752986687002
2020-04-09,277.5799865722656,281.20001220703125,275.4700012207031,278.20001220703125,263.8360900878906,189999200,0.015217361041894195,252.32900009155273,290.4660009765625,0.23557026685178628
2020-04-13,277.1400146484375,277.510009765625,271.4100036621094,275.6600036621094,261.42718505859375,114839100,-0.009130152528647795,252.64599990844727,289.42560119628905,-0.3955811392890075
2020-04-14,280.9800109863281,284.8999938964844,275.510009765625,283.7900085449219,269.137451171875,134143400,0.029492870836560936,254.84300003051757,288.66680114746094,0.16809867022642977
2020-04-15,277.57000732421875,283.94000244140625,275.4599914550781,277.760009765625,263.4187316894531,121775000,-0.021248101052656954,256.09100036621095,287.7396014404297,-0.09220282175641892
2020-04-16,279.1499938964844,280.0299987792969,275.760009765625,279.1000061035156,264.6895751953125,131798300,0.004824295401707923,258.0460006713867,286.74040161132814,0.08230999794703342
2020-04-17,285.3800048828125,287.29998779296875,282.3999938964844,286.6400146484375,271.84027099609375,146684800,0.027015436689475925,260.3525016784668,285.8160021972656,0.11294910480635934
2020-04-20,282.6099853515625,286.7900085449219,281.3500061035156,281.5899963378906,267.0509948730469,100109300,-0.017617980925449972,262.99200134277345,284.76820190429686,-0.31752097013460157
2020-04-21,276.7300109863281,278.0400085449219,272.0199890136719,273.0400085449219,258.94244384765625,126385700,-0.030363251195576146,265.4965019226074,283.5850018310547,0.2624771125160199
2020-04-22,278.3500061035156,281.0,276.9100036621094,279.1000061035156,264.6895751953125,92951600,0.022194540612888725,267.294002532959,282.47340209960936,-0.2645402130146053
2020-04-23,280.489990234375,283.94000244140625,278.75,279.0799865722656,264.6705322265625,104709700,-7.172888144824086e-05,268.90850219726565,281.3498016357422,0.126497015651156
2020-04-24,280.7300109863281,283.70001220703125,278.5,282.9700012207031,268.3597412109375,85063200,0.013938708741589423,269.9970016479492,280.26080139160155,-0.18762827130628779
2020-04-27,285.1199951171875,288.2699890136719,284.6199951171875,287.04998779296875,272.22900390625,77896600,0.014418442077481775,271.6785011291504,279.2606011962891,-0.08425029860151045
2020-04-28,291.0199890136719,291.3999938964844,285.3999938964844,285.7300109863281,270.97723388671875,105270000,-0.004598421399664487,272.88250198364256,278.2232012939453,0.3514068649979589
2020-04-29,291.5299987792969,294.8800048828125,290.4100036621094,293.2099914550781,278.0710144042969,118745600,0.026178490817010847,274.6555015563965,277.3528009033203,0.1280098793578417
2020-04-30,291.7099914550781,293.32000732421875,288.5899963378906,290.4800109863281,275.48199462890625,122901700,-0.009310666581320293,276.8720024108887,276.3956011962891,0.035000033685458565
2020-05-01,285.30999755859375,290.6600036621094,281.5199890136719,282.7900085449219,268.1890563964844,125180000,-0.026473430702838252,278.42000274658204,275.31240112304687,0.01853757921981547
2020-05-04,280.739990234375,283.8999938964844,279.1300048828125,283.57000732421875,268.9287414550781,80873200,0.0027582260890697263,280.18900299072266,274.3142010498047,-0.3539447196037706
2020-05-05,286.6400146484375,289.25,283.7099914550781,286.19000244140625,271.41351318359375,79569900,0.00923932379841541,281.25550384521483,273.5896008300781,-0.016115350944441387
2020-05-06,288.0400085449219,288.4599914550781,283.7799987792969,284.25,269.5736389160156,73632600,-0.006778721915009722,282.21150360107424,273.02160095214845,-0.07461741186051507
2020-05-07,287.75,289.7799987792969,287.1300048828125,287.67999267578125,272.8265075683594,75250400,0.01206681680134114,282.8940032958984,272.5452008056641,0.02197124643160775
2020-05-08,291.0899963378906,292.95001220703125,289.8599853515625,292.44000244140625,277.34075927734375,76452400,0.0165461967700673,283.6060028076172,272.4438006591797,0.015973337018806655
2020-05-11,290.3399963378906,294.0,289.8800048828125,292.5,277.3977355957031,79514200,0.00020516194122843778,284.44800262451173,272.3686004638672,0.04004844844635347
2020-05-12,293.7900085449219,294.239990234375,286.5199890136719,286.6700134277344,271.86871337890625,95870800,-0.01993157802483969,284.59200286865234,271.9202008056641,0.20570665365431573
2020-05-13,286.05999755859375,287.19000244140625,278.9599914550781,281.6000061035156,267.0605163574219,144721100,-0.01768586558320595,284.78400268554685,271.5474011230469,0.5095430516904
2020-05-14,278.95001220703125,285.1099853515625,272.989990234375,284.9700012207031,270.2565002441406,121977900,0.011967311946537107,285.07750244140624,270.9896014404297,-0.15715192877887196
2020-05-15,282.3699951171875,286.3299865722656,281.3399963378906,286.2799987792969,271.49884033203125,111146300,0.004596966533256808,285.0595016479492,270.66600158691404,-0.088799692403296
2020-05-18,293.04998779296875,296.75,292.70001220703125,295.0,279.7686462402344,119703800,0.030459694208066823,285.73000183105466,270.6168017578125,0.0769931162800741
2020-05-19,294.3500061035156,296.2099914550781,291.95001220703125,291.9700012207031,276.89508056640625,95189300,-0.010271182302701298,286.67650146484374,270.9716015625,-0.20479299738187096
2020-05-20,295.82000732421875,297.8699951171875,295.57000732421875,296.92999267578125,281.5989685058594,85861700,0.016988017379665044,287.56800079345703,271.1418011474609,-0.09799000517915357
2020-05-21,296.7900085449219,297.6700134277344,293.69000244140625,294.8800048828125,279.6548156738281,78293900,-0.006903943163488857,288.3580017089844,271.5522015380859,-0.08813941489628085
2020-05-22,294.57000732421875,295.6300048828125,293.2200012207031,295.44000244140625,280.1858825683594,63958200,0.0018990692801170717,288.9815017700195,272.49880157470704,-0.18310111004816465
2020-05-26,301.92999267578125,302.19000244140625,295.4599914550781,299.0799865722656,283.637939453125,88951400,0.012320552737543622,289.5830017089844,273.094001159668,0.3907739742519334
2020-05-27,302.1199951171875,303.57000732421875,296.8699951171875,303.5299987792969,287.85821533203125,104817400,0.014879003633885723,290.47300109863284,274.3676010131836,0.17836706336269015
2020-05-28,304.6499938964844,306.8399963378906,302.239990234375,302.9700012207031,287.3271179199219,90405200,-0.0018449496288533984,290.96100158691405,275.3710009765625,-0.13749816347285848
2020-05-29,302.4599914550781,304.9599914550781,299.4700012207031,304.32000732421875,288.6073913574219,119090800,0.004455906849114788,291.6530014038086,276.6574011230469,0.31730033228177135
2020-06-01,303.6199951171875,306.2099914550781,303.05999755859375,305.54998779296875,289.7738342285156,55758300,0.004041733830006056,292.79100036621094,277.95820098876953,-0.5318001054657455
2020-06-02,306.54998779296875,308.1300048828125,305.1000061035156,308.0799865722656,292.17327880859375,74267200,0.008280146883890893,294.0164993286133,279.5438006591797,0.33194878610000655
2020-06-03,310.239990234375,313.2200012207031,309.94000244140625,312.17999267578125,296.06158447265625,92567600,0.01330825201965502,295.31599884033204,281.32840057373045,0.24641295215115155
2020-06-04,311.1099853515625,313.0,309.0799865722656,311.3599853515625,295.28387451171875,75794400,-0.002626713253435109,296.67149810791017,282.69260040283206,-0.1811994693607698
2020-06-05,317.2300109863281,321.2699890136719,317.1600036621094,319.3399963378906,302.8519287109375,150524700,0.025629532893630236,298.25449829101564,284.1436004638672,0.9859607042208922
2020-06-08,320.2200012207031,323.4100036621094,319.6300048828125,323.20001220703125,306.51263427734375,73641200,0.012087480157219055,299.79249877929686,285.3836004638672,-0.5107699932303469
2020-06-09,320.29998779296875,323.2799987792969,319.3599853515625,320.7900085449219,304.22705078125,77479200,-0.007456694217466864,301.20699920654295,286.7310006713867,0.052117564624150514
2020-06-10,321.4200134277344,322.3900146484375,318.2200012207031,319.0,302.5294494628906,95000800,-0.0055800009265912776,302.82349853515626,287.87800079345703,0.22614585592004044
2020-06-11,311.4599914550781,312.1499938964844,300.010009765625,300.6099853515625,285.0889587402344,209243600,-0.057648948741183426,303.7739974975586,288.7352005004883,1.2025456627733662
2020-06-12,308.239990234375,309.0799865722656,298.6000061035156,304.2099914550781,288.5030822753906,194678900,0.011975670399988259,304.73599700927736,289.89640045166016,-0.06960643001745337
2020-06-15,298.0199890136719,308.2799987792969,296.739990234375,307.04998779296875,291.1964416503906,135782700,0.009335644514194108,305.7744964599609,291.00080017089846,-0.30252996087403417
2020-06-16,315.4800109863281,315.6400146484375,307.6700134277344,312.9599914550781,296.8012390136719,137627500,0.019247692222981838,306.67249603271483,292.2961999511719,0.013586414175001726
2020-06-17,314.07000732421875,314.3900146484375,310.8599853515625,311.6600036621094,295.5684509277344,83398900,-0.004153846588902832,307.65699615478513,293.2322003173828,-0.3940244500554032
2020-06-18,310.010009765625,312.29998779296875,309.510009765625,311.7799987792969,295.68231201171875,80828700,0.00038501930237289095,308.3994964599609,294.1652001953125,-0.030818152277787836
2020-06-19,314.1700134277344,314.3800048828125,306.5299987792969,308.6400146484375,293.9924011230469,135549600,-0.010071153195051807,309.0874969482422,294.85740051269534,0.6769983928975722
2020-06-22,307.989990234375,311.04998779296875,306.75,310.6199951171875,295.8784484863281,74649400,0.006415177471415401,309.84649658203125,295.50580017089845,-0.4492835095050077
2020-06-23,313.489990234375,314.5,311.6099853515625,312.04998779296875,297.2405700683594,68471200,0.00460367232715253,310.49499664306643,296.2335998535156,-0.08276288891806227
2020-06-24,309.8399963378906,310.510009765625,302.1000061035156,304.0899963378906,289.6583557128906,132813500,-0.025508706189596886,310.5229965209961,296.639599609375,0.9396987346504808
2020-06-25,303.4700012207031,307.6400146484375,301.2799987792969,307.3500061035156,292.7637023925781,89468000,0.010720542618582574,310.7419967651367,297.2313995361328,-0.3263636603206752
2020-06-26,306.1600036621094,306.3900146484375,299.4200134277344,300.04998779296875,285.81005859375,127961000,-0.023751482562483606,310.5284957885742,297.65039916992185,0.4302432154513345
2020-06-29,301.4100036621094,304.6099853515625,298.92999267578125,304.4599914550781,290.01080322265625,79773300,0.014697563211208076,310.4739959716797,298.00679870605467,-0.3765811458178664
2020-06-30,303.989990234375,310.20001220703125,303.82000732421875,308.3599853515625,293.7256774902344,113394800,0.012809544787298677,310.48799591064454,298.5421984863281,0.4214630709773821
2020-07-01,309.57000732421875,311.8900146484375,309.07000732421875,310.5199890136719,295.7832336425781,72396500,0.007004811793744015,310.4049957275391,299.29179809570314,-0.36155361621520565
2020-07-02,314.239990234375,315.70001220703125,311.510009765625,312.2300109863281,297.4120178222656,69344200,0.005506962621272482,310.44849700927733,299.9543981933594,-0.0421608779429945
2020-07-06,316.3699951171875,317.67999267578125,315.55999755859375,317.04998779296875,302.0032958984375,61713800,0.01543726303379489,310.33399658203126,300.71379821777344,-0.11003660003287952
2020-07-07,315.3800048828125,317.5199890136719,313.3699951171875,313.7799987792969,298.8885192871094,82910000,-0.010313796371464123,309.86299591064454,301.32999816894534,0.3434596475990783
2020-07-08,314.6099853515625,316.29998779296875,312.70001220703125,316.17999267578125,301.17462158203125,54638600,0.007648651621585456,309.6324951171875,301.91259826660155,-0.34098902424315525
2020-07-09,316.8399963378906,317.1000061035156,310.67999267578125,314.3800048828125,299.4600830078125,83354200,-0.005692921230517234,309.4014953613281,302.48559814453125,0.5255551935810947
2020-07-10,314.30999755859375,317.8800048828125,312.760009765625,317.5899963378906,302.5177001953125,57550400,0.01021054585285941,310.25049591064453,302.9731982421875,-0.30956808415172843
2020-07-13,320.1300048828125,322.7099914550781,314.1300048828125,314.8399963378906,299.89813232421875,102997500,-0.008658962913536516,310.78199615478513,303.46039794921876,0.7896921654758264
2020-07-14,313.29998779296875,319.760009765625,312.0,318.9200134277344,303.7845764160156,93657000,0.012959017714715637,311.37549743652346,304.182998046875,-0.09068666715211537
2020-07-15,322.4100036621094,323.0400085449219,319.2699890136719,321.8500061035156,306.5754699707031,87196500,0.009187233639839087,311.8199981689453,304.94859802246094,-0.06898042858515652
2020-07-16,319.7900085449219,321.2799987792969,319.0899963378906,320.7900085449219,305.5657958984375,54622500,-0.0032934520381920906,312.27649841308596,305.6405981445312,-0.373570040081884
2020-07-17,321.8800048828125,322.57000732421875,319.739990234375,321.7200012207031,306.4516906738281,62774900,0.0028990699554503063,312.77349853515625,306.38999816894534,0.14924985125177348
2020-07-20,321.42999267578125,325.1300048828125,320.6199951171875,324.32000732421875,308.9282531738281,56308800,0.008081580547216305,313.5574981689453,307.12279846191404,-0.10300454481010723
2020-07-21,326.45001220703125,326.92999267578125,323.94000244140625,325.010009765625,309.5855407714844,57292200,0.0021275358467678362,314.27699890136716,307.7741986083984,0.01746441053618608
2020-07-22,324.6199951171875,327.20001220703125,324.5,326.8599853515625,311.34771728515625,57792900,0.005692057260856531,315.0174987792969,308.4613983154297,0.008739409553132793
2020-07-23,326.4700012207031,327.2300109863281,321.4800109863281,322.9599914550781,307.6328430175781,75738000,-0.011931695745166393,315.96099853515625,309.18719787597655,0.31050699999480913
2020-07-24,320.95001220703125,321.989990234375,319.25,320.8800048828125,305.6515808105469,73766600,-0.006440384652273368,316.6374984741211,309.9727978515625,-0.02602920594681668
2020-07-27,321.6300048828125,323.4100036621094,320.7699890136719,323.2200012207031,307.8804931640625,48293000,0.0072924342504456785,317.79599914550784,310.7377978515625,-0.3453270179186786
2020-07-28,322.42999267578125,323.6400146484375,320.8500061035156,321.1700134277344,305.9277038574219,57495000,-0.006342391514221224,318.6315002441406,311.43559814453124,0.19054521359203203
2020-07-29,322.1199951171875,325.7300109863281,322.0799865722656,325.1199951171875,309.6903381347656,48454200,0.012298725050001957,319.46950073242186,312.037998046875,-0.15724497782415858
2020-07-30,321.8999938964844,324.4100036621094,319.6400146484375,323.9599914550781,308.5853271484375,61861700,-0.0035679247032814887,320.14150085449216,312.6777978515625,0.27670459939489245
2020-07-31,325.8999938964844,326.6300048828125,321.3299865722656,326.5199890136719,311.0238342285156,84986800,0.007902202821698623,320.8559997558594,313.2695977783203,0.37381934217779333
2020-08-03,328.32000732421875,329.6199951171875,327.7300109863281,328.7900085449219,313.1861877441406,53077900,0.006952160993595191,321.44300079345703,313.9477978515625,-0.3754571298131004
2020-08-04,327.8599853515625,330.05999755859375,327.8599853515625,330.05999755859375,314.3958435058594,41917900,0.003862614375942597,322.2570007324219,314.64019775390625,-0.2102569996175433
2020-08-05,331.4700012207031,332.3900146484375,331.17999267578125,332.1099853515625,316.34857177734375,42697700,0.0062109550025213345,323.0535003662109,315.30079772949216,0.018603031163297867
2020-08-06,331.4800109863281,334.4599914550781,331.1300048828125,334.3299865722656,318.46319580078125,43679400,0.006684536203731106,324.0509994506836,315.91679748535154,0.02299187075650444
2020-08-07,333.2799987792969,334.8800048828125,332.29998779296875,334.57000732421875,318.6918029785156,57308300,0.0007179157167860328,324.9,316.5487976074219,0.31202122739781224
2020-08-10,335.05999755859375,335.7699890136719,332.9599914550781,335.57000732421875,319.6443786621094,44282100,0.0029889110742402636,325.9365005493164,317.1737976074219,-0.2273004084923126
2020-08-11,336.8500061035156,337.5400085449219,332.010009765625,332.79998779296875,317.0057678222656,69601100,-0.008254669579494611,326.6304992675781,317.7187976074219,0.571766018323431
2020-08-12,335.44000244140625,338.2799987792969,335.4100036621094,337.44000244140625,321.4256591796875,53774400,0.013942352219447729,327.40999908447264,318.3059979248047,-0.2273915211110169
2020-08-13,336.6099853515625,338.25,335.8299865722656,336.8299865722656,320.84454345703125,41816100,-0.001807775796370037,328.21199798583984,318.7989978027344,-0.2223790502543962
2020-08-14,336.4100036621094,337.4200134277344,335.6199951171875,336.8399963378906,320.85406494140625,47260400,2.9717560858788516e-05,328.9679977416992,319.30859802246096,0.13019626411836582
2020-08-17,337.94000244140625,338.3399963378906,336.8500061035156,337.9100036621094,321.873291015625,35481000,0.0031766041320859806,329.6474975585937,319.6799981689453,-0.24924461071002357
2020-08-18,338.3399963378906,339.1000061035156,336.6099853515625,338.6400146484375,322.5686950683594,38733900,0.002160371040858866,330.32899780273436,319.9887982177734,0.09168005411346924
2020-08-19,339.04998779296875,339.6099853515625,336.6199951171875,337.2300109863281,321.2256164550781,68054200,-0.0041637243123001655,330.84749908447264,320.3175982666016,0.7569674109759152
2020-08-20,335.3599853515625,338.79998779296875,335.2200012207031,338.2799987792969,322.22576904296875,42207800,0.0031135656933312106,331.6134994506836,320.7031982421875,-0.3797914015593453
2020-08-21,337.9200134277344,339.7200012207031,337.54998779296875,339.4800109863281,323.3687744140625,55106600,0.0035473933172565086,332.5434997558594,321.4805987548828,0.3056022820426556
2020-08-24,342.1199951171875,343.0,339.45001220703125,342.9200134277344,326.64556884765625,48588700,0.010133151673383134,333.52850036621095,322.25479919433593,-0.1182780284031314
2020-08-25,343.5299987792969,344.2099914550781,342.2699890136719,344.1199951171875,327.78857421875,38463400,0.0034993049179556923,334.6759994506836,322.99619934082034,-0.2083879585171038
2020-08-26,344.760009765625,347.8599853515625,344.1700134277344,347.57000732421875,331.07489013671875,50790200,0.010025608090155735,335.79850006103516,323.68839965820314,0.32048128870562675
2020-08-27,348.510009765625,349.8999938964844,346.5299987792969,348.3299865722656,331.7987976074219,58034100,0.002186550139632537,337.01699981689455,324.42179931640624,0.14262397076601396
2020-08-28,349.44000244140625,350.7200012207031,348.1499938964844,350.5799865722656,333.9419860839844,48588900,0.006459392204906322,338.2199996948242,325.19779907226564,-0.16275258856430963
2020-08-31,350.3500061035156,351.29998779296875,349.05999755859375,349.30999755859375,332.7322692871094,66099200,-0.0036225371165335973,339.2459991455078,326.0111987304688,0.3603765469068039
2020-09-01,350.2099914550781,352.7099914550781,349.239990234375,352.6000061035156,335.8661804199219,54908700,0.009418592562241201,340.3729995727539,326.8507989501953,-0.16929856942292798
2020-09-02,354.6700134277344,358.75,353.42999267578125,357.70001220703125,340.7241516113281,69540000,0.01446399890877581,341.65250091552736,327.76379943847655,0.2664659698736265
2020-09-03,355.8699951171875,356.3800048828125,342.5899963378906,345.3900146484375,328.9983215332031,148011100,-0.03441430567094561,342.20550231933595,328.5897998046875,1.1284311187805578
2020-09-04,346.1300048828125,347.8299865722656,334.8699951171875,342.57000732421875,326.3121337890625,139156300,-0.00816470426074467,342.6055023193359,329.29419982910156,-0.05982524283651702
2020-09-08,336.7099914550781,342.6400146484375,332.8800048828125,333.2099914550781,317.3963317871094,114465300,-0.027322928654060497,342.4875015258789,329.95739990234375,-0.1774335764891708
2020-09-09,337.54998779296875,342.4599914550781,336.6099853515625,339.7900085449219,323.6640625,91462300,0.019747358298320528,342.8370025634766,330.66400024414065,-0.20096046574813498
2020-09-10,341.82000732421875,342.5299987792969,332.8500061035156,333.8900146484375,318.0440673828125,90569500,-0.017363647394312287,342.6595031738281,331.17460083007813,-0.009761398958915257
2020-09-11,335.82000732421875,336.9700012207031,331.0,334.05999755859375,318.2060241699219,84680200,0.0005090985135784987,342.52100372314453,331.64540100097656,-0.06502520164072889
2020-09-14,337.489990234375,340.3800048828125,334.2200012207031,338.4599914550781,322.3971862792969,65605700,0.013171268420765214,342.6020034790039,332.17000061035156,-0.22525336501330895
2020-09-15,341.1199951171875,342.0199890136719,338.4700012207031,340.1700134277344,324.0260925292969,52920900,0.0050523607393142544,342.71500396728516,332.63240112304686,-0.19334905351211862
2020-09-16,341.510009765625,343.05999755859375,338.5199890136719,338.82000732421875,322.7401123046875,82096000,-0.003968621719216969,342.72400360107423,333.1332012939453,0.5512963687314463
2020-09-17,333.55999755859375,337.70001220703125,332.989990234375,335.8399963378906,319.9015808105469,91523300,-0.008795262741012055,342.65450286865234,333.5264013671875,0.11483263496394458
2020-09-18,335.3699951171875,335.489990234375,327.9700012207031,330.6499938964844,316.2186584472656,105877900,-0.015453794955930578,342.2730026245117,333.85180114746095,0.15684093558689427
2020-09-21,325.70001220703125,327.1300048828125,321.7300109863281,326.9700012207031,312.6991882324219,99450800,-0.011129571279935746,341.64750213623046,334.0394012451172,-0.06070294178482949
2020-09-22,328.57000732421875,330.8999938964844,325.8599853515625,330.29998779296875,315.8839111328125,63612100,0.010184379483847206,341.01650085449216,334.3486010742188,-0.36036613079030033
2020-09-23,330.8999938964844,331.20001220703125,322.1000061035156,322.6400146484375,308.5582275390625,93112200,-0.023190958000678163,339.9425018310547,334.4230010986328,0.4637498211818192
2020-09-24,321.2200012207031,326.79998779296875,319.79998779296875,323.5,309.3807373046875,76681300,0.002665464023424269,338.73900146484374,334.4560009765625,-0.17646344947278658
2020-09-25,322.5799865722656,329.5799865722656,321.6400146484375,328.7300109863281,314.3824157714844,71069400,0.016166958226671246,337.7590026855469,334.61480102539065,-0.07318472691516709
2020-09-28,333.2200012207031,334.9599914550781,332.1499938964844,334.19000244140625,319.6041564941406,64584600,0.016609348926481804,336.9395034790039,334.8642010498047,-0.09124602149448291
2020-09-29,333.9700012207031,334.7699890136719,331.6199951171875,332.3699951171875,317.863525390625,51304000,-0.005446025646855923,336.0925033569336,335.02520080566404,-0.20563106375204
2020-09-30,333.0899963378906,338.2900085449219,332.8800048828125,334.8900146484375,320.27362060546875,104081100,0.007581970599847665,335.2070037841797,335.2228009033203,1.0287131607671918
2020-10-01,337.69000244140625,338.739990234375,335.010009765625,337.0400085449219,322.3297424316406,88698700,0.006420000007290261,334.1740036010742,335.4264013671875,-0.1477924426240691
2020-10-02,331.70001220703125,337.010009765625,331.19000244140625,333.8399963378906,319.2693786621094,89431100,-0.009494458004693396,333.59650268554685,335.64400146484377,0.008257167241459085
2020-10-05,336.05999755859375,339.9599914550781,336.010009765625,339.760009765625,324.93096923828125,45713100,0.017733086187020408,333.4560028076172,336.0216015625,-0.4888456029278405
2020-10-06,339.9100036621094,342.1700134277344,334.3800048828125,334.92999267578125,320.3117980957031,90128900,-0.014215967009112207,333.54200286865233,336.25580139160155,0.9716208264151851
2020-10-07,338.1199951171875,341.6300048828125,338.0899963378906,340.760009765625,325.88739013671875,56999600,0.017406673685050666,333.5905029296875,336.64760131835936,-0.36757688155519486
2020-10-08,342.8500061035156,343.8500061035156,341.8599853515625,343.7799987792969,328.77557373046875,45242500,0.008862510057295214,334.08500213623046,337.02080139160154,-0.20626635976392815
2020-10-09,345.55999755859375,347.3500061035156,344.8900146484375,346.8500061035156,331.7116394042969,59528600,0.00893015107080064,334.72450256347656,337.4786016845703,0.31576725424103436
2020-10-12,349.5899963378906,354.0199890136719,349.05999755859375,352.42999267578125,337.04803466796875,80388500,0.016087606959996226,335.4230026245117,337.9968017578125,0.35041811834983516
2020-10-13,352.2799987792969,352.4700012207031,349.0899963378906,350.1300048828125,334.8484191894531,73255500,-0.006526084160733192,335.92100219726564,338.4236016845703,-0.08873159718118884
2020-10-14,350.75,351.92999267578125,347.1400146484375,347.92999267578125,332.74444580078125,57727900,-0.006283415235342593,336.3765014648437,338.78100158691404,-0.2119649719133717
2020-10-15,343.7099914550781,348.0199890136719,343.1300048828125,347.5,332.3332214355469,60357700,-0.0012358597557926565,336.9595016479492,339.0888018798828,0.04555509554305637
2020-10-16,348.9599914550781,350.75,347.1000061035156,347.2900085449219,332.13238525390625,89501900,-0.0006042919570593552,337.79150238037107,339.34800231933593,0.48285802805607236
2020-10-19,348.6499938964844,349.3299865722656,341.0400085449219,342.010009765625,327.08282470703125,68425600,-0.015203428401004304,338.5435028076172,339.4968023681641,-0.23548438636498215
2020-10-20,343.4599914550781,346.8800048828125,342.6400146484375,343.3800048828125,328.3930358886719,60051900,0.004005716435394158,339.1975036621094,339.65300231933594,-0.122376712809241
2020-10-21,343.3299865722656,345.6700134277344,342.3999938964844,342.7300109863281,327.7713928222656,63575000,-0.0018929287880528056,340.2020034790039,339.85160278320313,0.058667585871554406
2020-10-22,342.9599914550781,345.239990234375,340.6499938964844,344.6099853515625,329.5693359375,55399300,0.005485292518808249,341.257502746582,339.99500244140626,-0.12859929217459698
2020-10-23,345.92999267578125,345.989990234375,343.1300048828125,345.7799987792969,330.68829345703125,49143900,0.003395181444149742,342.1100021362305,340.1740026855469,-0.11291478412182099
2020-10-26,342.1300048828125,342.9800109863281,335.6199951171875,339.3900146484375,324.57720947265625,91473000,-0.018479912526513598,342.37000274658203,340.2250030517578,0.8613296868990861
2020-10-27,339.760009765625,340.1199951171875,337.989990234375,338.2200012207031,323.4582214355469,65994100,-0.0034474008581141247,342.6625030517578,340.2312030029297,-0.2785401156625452
2020-10-28,332.1000061035156,338.25,326.1300048828125,326.6600036621094,312.40277099609375,127094300,-0.03417892944495127,342.2510025024414,339.9916027832031,0.9258433708467879
2020-10-29,326.9100036621094,333.3999938964844,325.0899963378906,329.9800109863281,315.5778503417969,90597700,0.010163495031527914,341.8980026245117,339.84660278320314,-0.2871615800236518
2020-10-30,328.2799987792969,329.69000244140625,322.6000061035156,326.5400085449219,312.28802490234375,120287300,-0.010424881286366094,341.53300323486326,339.61180297851564,0.3277080985499632
2020-11-02,330.20001220703125,332.3599853515625,327.239990234375,330.20001220703125,315.7882995605469,86068300,0.011208438679286337,341.0550033569336,339.4262030029297,-0.28447724739020663
2020-11-03,333.69000244140625,338.25,330.2900085449219,336.0299987792969,321.36383056640625,93294200,0.017655924762989716,341.11000366210936,339.28840270996096,0.08395541680270213
2020-11-04,340.8599853515625,347.94000244140625,339.5899963378906,343.5400085449219,328.5460205078125,126959700,0.022349224155303826,341.2490036010742,339.2768029785156,0.3608530862583097
2020-11-05,349.239990234375,352.19000244140625,348.8599853515625,350.239990234375,334.9537048339844,82039700,0.019502769758408034,341.57200317382814,339.33020263671875,-0.3538130603648244
2020-11-06,349.92999267578125,351.510009765625,347.6499938964844,350.1600036621094,334.8771057128906,74973000,-0.00022837646898088426,341.7375030517578,339.36680297851564,-0.0861375651056745
2020-11-09,363.9700012207031,364.3800048828125,354.05999755859375,354.55999755859375,339.0850524902344,172304200,0.012565666696560118,341.84400329589846,339.4464031982422,1.2982166913422164
2020-11-10,353.489990234375,355.17999267578125,350.510009765625,354.0400085449219,338.5877380371094,85552000,-0.0014665755224853028,342.0395034790039,339.54100341796874,-0.503482793803053
2020-11-11,356.3999938964844,357.55999755859375,355.05999755859375,356.6700134277344,341.1029968261719,58649000,0.007428552760524454,342.47650451660155,339.6224035644531,-0.314463717972695
2020-11-12,355.5799865722656,356.7200012207031,351.260009765625,353.2099914550781,337.7939453125,67546200,-0.009700905157134287,342.76200408935546,339.53260314941406,0.1517025013214206
2020-11-13,355.2699890136719,358.8999938964844,354.7099914550781,358.1000061035156,342.47052001953125,62892200,0.01384449694724843,343.30250396728513,339.78680297851565,-0.06890098924884003
2020-11-16,360.9800109863281,362.7799987792969,359.5899963378906,362.57000732421875,346.7454833984375,74541100,0.0124825499707224,344.3305038452148,340.18680297851563,0.18522010678589718
2020-11-17,359.9700012207031,361.9200134277344,358.3399963378906,360.6199951171875,344.88055419921875,66111000,-0.005378305341422029,345.19250335693357,340.7350030517578,-0.11309331362161279
2020-11-18,360.9100036621094,361.5,356.239990234375,356.2799987792969,340.7300109863281,70591300,-0.012034818913688627,345.87000274658203,341.06480285644534,0.06776935759555891
2020-11-19,355.6000061035156,358.17999267578125,354.1499938964844,357.7799987792969,342.16448974609375,59940900,0.004210171789433614,346.52850341796875,341.5426025390625,-0.15087411621545432
2020-11-20,357.5,357.7200012207031,355.25,355.3299865722656,339.8214416503906,70417300,-0.006847817696322922,347.00600280761716,341.96800231933594,0.1747788238081176
2020-11-23,357.2799987792969,358.82000732421875,354.8699951171875,357.4599914550781,341.8585205078125,63230600,0.00599444168323604,347.90950164794924,342.34800231933593,-0.10205872704576857
2020-11-24,360.2099914550781,363.80999755859375,359.2900085449219,363.2200012207031,347.36712646484375,62415900,0.016113718747035932,349.15950164794924,342.80900207519534,-0.01288458436263451
2020-11-25,363.1300048828125,363.1600036621094,361.4800109863281,362.6600036621094,346.83148193359375,45330900,-0.0015417585945479706,350.9595016479492,343.28580200195313,-0.2737283288392861
2020-11-27,363.8399963378906,364.17999267578125,362.5799865722656,363.6700134277344,347.7974853515625,28514100,0.0027850045646777843,352.64400177001954,343.84240234375,-0.37097873635864276
2020-11-30,362.8299865722656,363.1199951171875,359.1700134277344,362.05999755859375,346.25775146484375,83872700,-0.004427133966767305,354.4200012207031,344.47060241699216,1.9414465124271851
2020-12-01,365.57000732421875,367.67999267578125,364.92999267578125,366.0199890136719,350.04486083984375,74231400,0.010937390161245952,356.2110000610352,345.25160217285156,-0.11495158734606137
2020-12-02,364.82000732421875,366.9599914550781,364.20001220703125,366.7900085449219,350.7812805175781,45927000,0.002103763604072606,357.7490005493164,345.9814025878906,-0.3812995578690419
2020-12-03,366.67999267578125,368.19000244140625,365.5,366.69000244140625,350.6856994628906,62882000,-0.00027265220203887,358.9065002441406,346.86240234375,0.36917281773248845
2020-12-04,367.32000732421875,369.8500061035156,367.2200012207031,369.8500061035156,353.7077331542969,50749900,0.008617643352887283,359.88700103759766,347.78940246582033,-0.1929343850386438
2020-12-07,369.0199890136719,369.6199951171875,367.7200012207031,369.0899963378906,352.98089599609375,48944300,-0.0020549134867724472,360.83350067138673,348.5966021728516,-0.035578395228365034
2020-12-08,367.7200012207031,370.7799987792969,367.6700134277344,370.1700134277344,354.0137939453125,42458900,0.00292616191324524,361.61400146484374,349.31620239257813,-0.13250572589658038
2020-12-09,370.8800048828125,371.04998779296875,365.95001220703125,366.8500061035156,350.838623046875,74098300,-0.008968871609766116,362.25450134277344,350.0058026123047,0.7451771006785386
2020-12-10,365.3699951171875,367.8599853515625,364.42999267578125,366.7300109863281,350.72393798828125,57735400,-0.0003270958571379712,362.75750122070315,350.6426025390625,-0.22082692855301678
2020-12-11,364.8999938964844,366.739990234375,363.260009765625,366.29998779296875,350.3126525878906,57698600,-0.0011725879542904272,363.41200103759763,351.2278021240234,-0.00063739057839729
2020-12-14,368.6400146484375,369.79998779296875,364.4700012207031,364.6600036621094,348.7442626953125,69216200,-0.004477161303609645,363.74000091552733,351.8442022705078,0.1996166284797205
2020-12-15,367.3999938964844,369.5899963378906,365.9200134277344,369.5899963378906,353.4590148925781,63865300,0.01351942254777505,364.09100036621095,352.4408020019531,-0.07730704661625454
2020-12-16,369.82000732421875,371.1600036621094,368.8699951171875,370.1700134277344,354.0137939453125,58420500,0.0015693527844120592,364.5685012817383,353.1456024169922,-0.08525443394143617
2020-12-17,371.94000244140625,372.4599914550781,371.04998779296875,372.239990234375,355.993408203125,64119500,0.00559196242686677,365.3665008544922,353.7752020263672,0.09755137323371077
2020-12-18,370.9700012207031,371.1499938964844,367.0199890136719,369.17999267578125,354.5719909667969,136542300,-0.008220496558328017,365.9365005493164,354.2832019042969,1.1294972668221055
2020-12-21,364.9700012207031,378.4599914550781,362.0299987792969,367.8599853515625,353.30419921875,96386700,-0.003575511540187981,366.56300048828126,354.7034014892578,-0.2940890844815123
2020-12-22,368.2099914550781,368.3299865722656,366.0299987792969,367.239990234375,352.7087097167969,47949000,-0.0016854105960858456,367.05200042724607,354.9996014404297,-0.5025351007971017
2020-12-23,368.2799987792969,369.6199951171875,367.2200012207031,367.57000732421875,353.02569580078125,46201400,0.0008986414840963519,367.2695007324219,355.3484014892578,-0.03644705833281192
2020-12-24,368.0799865722656,369.0299987792969,367.45001220703125,369.0,354.39910888671875,26457900,0.003890395427502691,367.5865005493164,355.76980163574217,-0.42733553528680945
2020-12-28,371.739990234375,372.5899963378906,371.07000732421875,372.1700134277344,357.4436340332031,39000400,0.008590822297383172,368.0115005493164,356.26320190429686,0.4740550081450152
2020-12-29,373.80999755859375,374.0,370.8299865722656,371.4599914550781,356.7617492675781,53680500,-0.0019077893087540154,368.48150024414065,356.7466015625,0.3764089599081035
2020-12-30,372.3399963378906,373.1000061035156,371.57000732421875,371.989990234375,357.270751953125,49455300,0.0014267990940848296,368.7800003051758,357.346201171875,-0.07871014614245397
2020-12-31,371.7799987792969,374.6600036621094,371.2300109863281,373.8800048828125,359.08599853515625,78520700,0.005080821253407031,369.13450012207034,357.956201171875,0.5877105183873115
2021-01-04,375.30999755859375,375.45001220703125,364.82000732421875,368.7900085449219,354.1974182128906,110210800,-0.013613983822124975,369.23950042724607,358.4774011230469,0.4035891172646193
2021-01-05,368.1000061035156,372.5,368.04998779296875,371.3299865722656,356.63690185546875,66426200,0.006887328746690624,369.3134994506836,359.0118011474609,-0.3972804843082529
2021-01-06,369.7099914550781,376.9800109863281,369.1199951171875,373.54998779296875,358.76898193359375,107997700,0.005978513184986323,369.5364990234375,359.56720092773435,0.6258298683350847
2021-01-07,376.1000061035156,379.8999938964844,375.9100036621094,379.1000061035156,364.0993957519531,68766800,0.014857498305214323,369.9829986572266,360.36140075683596,-0.36325681009873356
2021-01-08,380.5899963378906,381.489990234375,377.1000061035156,381.260009765625,366.1739501953125,71677200,0.005697714659280706,370.70349884033203,361.2222009277344,0.04232274876830089
2021-01-11,377.8500061035156,380.5799865722656,377.7200012207031,378.69000244140625,363.7057189941406,51034700,-0.006740825836411779,371.30149841308594,362.26280090332034,-0.28799255551277114
2021-01-12,378.8900146484375,379.8599853515625,376.3599853515625,378.7699890136719,363.782470703125,52547700,0.00021121912844268564,371.9249984741211,363.2386004638672,0.029646495423701902
2021-01-13,378.69000244140625,380.8599853515625,377.8500061035156,379.7900085449219,364.7621765136719,45303600,0.0026929787492038226,372.6814987182617,364.3036004638672,-0.13785760366295763
2021-01-14,380.5899963378906,381.1300048828125,378.1000061035156,378.4599914550781,363.4847717285156,49989100,-0.003501980199372312,373.12499847412107,365.2688000488281,0.10342445191993566
2021-01-15,376.7200012207031,377.5799865722656,373.70001220703125,375.70001220703125,360.8340148925781,107160000,-0.007292657904037547,373.40149841308596,366.0622003173828,1.1436673194756457
2021-01-19,378.3399963378906,379.2300109863281,376.75,378.6499938964844,363.6672668457031,51233300,0.007851960589843054,373.7219985961914,366.76440002441404,-0.5218990294886152
2021-01-20,381.1099853515625,384.7900085449219,380.69000244140625,383.8900146484375,368.6999206542969,61836100,0.013838692292137411,374.4574996948242,367.4374005126953,0.2069513382897452
2021-01-21,384.489990234375,384.95001220703125,383.25,384.239990234375,369.03607177734375,47840100,0.0009116558716901757,375.27649993896483,368.11900024414064,-0.22634027695795822
2021-01-22,382.25,384.1300048828125,381.8399963378906,382.8800048828125,367.7298583984375,52860500,-0.0035394164744094736,376.0585006713867,368.685400390625,0.10494125221310147
2021-01-25,383.6700134277344,384.7699890136719,378.4599914550781,384.3900146484375,369.18017578125,70402000,0.003943819855746211,376.89950103759764,369.29240051269534,0.33184513956546
2021-01-26,385.4100036621094,385.8500061035156,383.5400085449219,383.7900085449219,368.6038818359375,42665300,-0.001560930514972858,377.6390014648438,369.83480041503907,-0.39397602340842586
2021-01-27,380.2200012207031,380.32000732421875,372.010009765625,374.4100036621094,359.59503173828125,123351100,-0.024440461382450485,377.7510009765625,370.2588006591797,1.8911340128863503
2021-01-28,376.3599853515625,381.92999267578125,375.8900146484375,377.6300048828125,362.6876220703125,94198100,0.008600200820512827,378.0595016479492,370.64940063476564,-0.23634162970577477
2021-01-29,375.6300048828125,376.6700134277344,368.2699890136719,370.07000732421875,355.4267272949219,126765100,-0.02001958917681823,377.96350250244143,370.7994006347656,0.34572884166453455
2021-02-01,373.7200012207031,377.3399963378906,370.3800048828125,376.2300109863281,361.3430480957031,75817600,0.01664550906637663,378.0810028076172,371.1116009521484,-0.40190478294104603
2021-02-02,379.6499938964844,383.2200012207031,376.32000732421875,381.54998779296875,366.4524841308594,64450700,0.014140224467191542,378.71900177001953,371.6170007324219,-0.14992429198497448
2021-02-03,382.44000244140625,383.70001220703125,380.4800109863281,381.8500061035156,366.7406311035156,52427100,0.0007863145594166898,379.24500274658203,372.09840087890626,-0.18655499474792359
2021-02-04,382.9599914550781,386.239990234375,381.9700012207031,386.19000244140625,370.9088439941406,47142600,0.011365709751263164,379.8770034790039,372.7156011962891,-0.10079710683978327
2021-02-05,388.20001220703125,388.4700012207031,386.1400146484375,387.7099914550781,372.3687438964844,48669800,0.003935858007879212,380.30750274658203,373.3206011962891,0.0323953282169418
2021-02-08,389.2699890136719,390.55999755859375,388.3500061035156,390.510009765625,375.0579833984375,38365200,0.0072219400383219945,380.770002746582,373.8664013671875,-0.21172472457252756
2021-02-09,389.6099853515625,390.8900146484375,389.1700134277344,390.25,374.8082580566406,35551100,-0.0006658210010571652,381.3480026245117,374.4182012939453,-0.07335032790132723
2021-02-10,392.1199951171875,392.2799987792969,387.5,390.0799865722656,374.64495849609375,59154400,-0.00043565260149747154,381.9135025024414,374.94640075683594,0.6639260107282194
2021-02-11,391.239990234375,391.69000244140625,388.1000061035156,390.7099914550781,375.25006103515625,42913300,0.0016150658954552366,382.4595016479492,375.51940063476565,-0.27455438648688857
2021-02-12,389.8500061035156,392.8999938964844,389.7699890136719,392.6400146484375,377.10369873046875,50593300,0.004939784585931806,383.1685028076172,376.05180114746094,0.1789654955456701
2021-02-16,393.9599914550781,394.1700134277344,391.5299987792969,392.29998779296875,376.77716064453125,50972400,-0.0008660015352057737,383.9985015869141,376.5620007324219,0.007493087029310175
2021-02-17,390.4200134277344,392.6600036621094,389.3299865722656,392.3900146484375,376.8636474609375,52290600,0.00022948472666350916,384.68550262451174,377.0760009765625,0.025861054217576562
2021-02-18,389.5899963378906,391.5199890136719,387.739990234375,390.7200012207031,375.2596740722656,59712800,-0.004256003887434856,385.027001953125,377.49340087890624,0.14194138143375667
2021-02-19,392.07000732421875,392.3800048828125,389.54998779296875,390.0299987792969,374.596923828125,83241000,-0.0017659767589335296,385.3165023803711,377.9122009277344,0.39402272209643496
2021-02-22,387.05999755859375,389.6199951171875,386.739990234375,387.0299987792969,371.7156677246094,67414200,-0.007691716045917785,385.5240020751953,378.2494006347656,-0.19013226655133886
2021-02-23,384.6600036621094,388.95001220703125,380.20001220703125,387.5,372.16705322265625,107284100,0.0012143793044092632,385.67950134277345,378.6624005126953,0.5914169418312463
2021-02-24,386.3299865722656,392.2300109863281,385.2699890136719,391.7699890136719,376.26806640625,72433900,0.011019326486895187,386.07850036621096,379.1632000732422,-0.3248403071843824
2021-02-25,390.4100036621094,391.8800048828125,380.7799987792969,382.3299865722656,367.20159912109375,146670500,-0.024095777385022776,386.47449951171876,379.48380004882813,1.0248875181372257
2021-02-26,384.3500061035156,385.5799865722656,378.2300109863281,380.3599853515625,365.3096008300781,152701600,-0.005152620223082494,386.6109985351562,379.7977996826172,0.04112006163475268
2021-03-01,385.5899963378906,390.9200134277344,380.57000732421875,389.5799865722656,374.1647033691406,105348800,0.02424019764376939,387.5864974975586,380.1975994873047,-0.3101002216086799
2021-03-02,389.82000732421875,390.07000732421875,386.0,386.5400085449219,371.2451171875,79595300,-0.0078032191902133174,388.1019973754883,380.5249993896484,-0.2444593578664399
2021-03-03,385.7900085449219,386.8299865722656,381.30999755859375,381.4200134277344,366.3276672363281,119940200,-0.013245705500087857,388.0954986572266,380.70859985351564,0.5068754059598997
2021-03-04,381.2200012207031,384.0,371.8800048828125,376.70001220703125,361.7944030761719,183433000,-0.012374812685589154,387.83799896240237,380.85900024414065,0.5293704696173593
2021-03-05,380.4599914550781,384.760009765625,372.6400146484375,383.6300048828125,368.4501647949219,152039600,0.018396582031360742,387.70999908447266,381.1744006347656,-0.17114368734088192
2021-03-08,384.6600036621094,387.67999267578125,381.4200134277344,381.7200012207031,366.6158142089844,123149200,-0.004978765054346579,387.4104995727539,381.4640008544922,-0.1900189161244834
2021-03-09,385.8500061035156,389.9100036621094,385.30999755859375,387.1700134277344,371.8501281738281,113633600,0.014277512809395931,387.2434997558594,381.8560009765625,-0.0772688738538293
2021-03-10,389.69000244140625,391.3999938964844,388.1700134277344,389.5799865722656,374.1647033691406,109899400,0.006224586256551756,387.20999908447266,382.2676007080078,-0.03286175919798373
2021-03-11,392.2300109863281,395.6499938964844,391.739990234375,393.5299987792969,377.95849609375,86245000,0.010139155868312377,387.3824996948242,382.6948004150391,-0.21523684387721864
2021-03-12,392.07000732421875,394.2099914550781,391.20001220703125,394.05999755859375,378.4674987792969,64653600,0.0013467811372471772,387.55,383.14680053710936,-0.2503495854832164
2021-03-15,394.3299865722656,396.69000244140625,392.0299987792969,396.4100036621094,380.7245178222656,73427200,0.005963574374651337,387.7384994506836,383.63520080566406,0.13570164693071995
2021-03-16,397.07000732421875,397.8299865722656,395.0799865722656,395.9100036621094,380.2442626953125,73722500,-0.001261320338490246,387.91900024414065,384.07580078125,0.004021670443650205
2021-03-17,394.5299987792969,398.1199951171875,393.29998779296875,397.260009765625,381.54083251953125,97959300,0.0034098812634899556,388.1625,384.64520080566405,0.328757163688155
2021-03-18,394.4800109863281,396.7200012207031,390.75,391.4800109863281,375.98956298828125,115349100,-0.014549661776192768,388.20050048828125,385.04820129394534,0.1775206641942113
2021-03-19,389.8800048828125,391.57000732421875,387.1499938964844,389.4800109863281,375.29388427734375,113624500,-0.005108817676184874,388.1730010986328,385.3668017578125,-0.014951135292776474
2021-03-22,390.0299987792969,394.07000732421875,389.9700012207031,392.5899963378906,378.2906188964844,73778600,0.00798496781307656,388.4510009765625,385.6366015625,-0.35068053104744135
2021-03-23,391.9100036621094,393.4599914550781,388.6600036621094,389.5,375.3131408691406,90686600,-0.00787079743934982,388.5510009765625,385.8014013671875,0.2291721447682662
2021-03-24,391.0,392.75,387.4700012207031,387.5199890136719,373.4052734375,97588600,-0.005083468514321288,388.3385009765625,385.97800109863283,0.07610826737357002
2021-03-25,385.9800109863281,390.54998779296875,383.8999938964844,389.70001220703125,375.505859375,116128600,0.005625576112623376,388.7070022583008,386.1966015625,0.1899812068212885
2021-03-26,390.92999267578125,396.4100036621094,390.2900085449219,395.9800109863281,381.5571594238281,114409100,0.016114956588609397,389.4880035400391,386.5204016113281,-0.014806860669981381
2021-03-29,394.3999938964844,396.75,392.80999755859375,395.7799987792969,381.3644714355469,108107600,-0.0005051068273195236,389.7980041503906,386.8668017578125,-0.055078660700940696
2021-03-30,394.4200134277344,395.45001220703125,393.0199890136719,394.7300109863281,380.3526611328125,76262200,-0.002652958199523048,390.20750427246094,387.2474017333984,-0.29457133448527206
2021-03-31,395.3399963378906,398.0,395.30999755859375,396.3299865722656,381.8943786621094,112734200,0.0040533416294838975,390.9530029296875,387.60100158691404,0.47824479230864037
2021-04-01,398.3999938964844,400.6700134277344,398.17999267578125,400.6099853515625,386.01849365234375,99682900,0.010799078859294209,392.14850158691405,387.9354010009766,-0.11577054700348255
2021-04-05,403.4599914550781,406.94000244140625,403.3800048828125,406.3599853515625,391.55902099609375,91684800,0.01435311202978129,393.2850006103516,388.3778009033203,-0.08023542653755056
2021-04-06,405.760009765625,407.239990234375,405.3999938964844,406.1199951171875,391.32781982421875,62021000,-0.0005905853012750928,394.50500030517577,388.8426007080078,-0.3235410885992007
2021-04-07,405.94000244140625,406.9599914550781,405.45001220703125,406.5899963378906,391.78070068359375,55836300,0.0011572964304984446,395.4759994506836,389.2866003417969,-0.0997194498637558
2021-04-08,407.92999267578125,408.5799865722656,406.92999267578125,408.5199890136719,393.6404113769531,57863100,0.004746778556197873,396.4229995727539,389.78119995117186,0.036298966801167065
2021-04-09,408.3900146484375,411.6700134277344,408.260009765625,411.489990234375,396.50225830078125,61104600,0.007270149076117116,397.3209991455078,390.5227996826172,0.05602015792448034
2021-04-12,410.8500061035156,411.92999267578125,410.20001220703125,411.6400146484375,396.6467590332031,56704900,0.0003645882466716266,398.2,391.2029998779297,-0.07200276247614745
2021-04-13,411.5299987792969,413.5299987792969,411.1199951171875,412.8599853515625,397.8222961425781,56551000,0.002963683460576405,399.02249908447266,392.05879943847657,-0.002714051166654019
2021-04-14,412.8299865722656,413.9599914550781,410.8699951171875,411.45001220703125,396.46368408203125,61659900,-0.003415136352656223,399.79949951171875,392.7631994628906,0.09034146168944845
2021-04-15,413.739990234375,416.1600036621094,413.69000244140625,415.8699951171875,400.7226867675781,60229800,0.01074245419619091,400.72999877929686,393.449599609375,-0.023193355811475524
2021-04-16,417.25,417.9100036621094,415.7300109863281,417.260009765625,402.06201171875,82037300,0.0033424259137662116,402.01899871826174,394.15779968261717,0.36207159910874687
2021-04-19,416.260009765625,416.739990234375,413.7900085449219,415.2099914550781,400.08673095703125,78498500,-0.004913047650308866,403.30549774169924,394.73819946289063,-0.043136475725066514
2021-04-20,413.9100036621094,415.0899963378906,410.5899963378906,412.1700134277344,397.1575012207031,81851800,-0.007321543531961572,404.2844985961914,395.22739990234373,0.042718013720007386
2021-04-21,411.510009765625,416.2900085449219,411.3599853515625,416.07000732421875,400.91546630859375,66793000,0.009462100030156906,405.61299896240234,395.7385998535156,-0.18397640613889976
2021-04-22,415.8900146484375,416.7799987792969,411.1300048828125,412.2699890136719,397.2537536621094,97582800,-0.009133122416069117,406.85049896240236,396.1789996337891,0.46097345530220224
2021-04-23,412.8699951171875,418.25,412.7900085449219,416.739990234375,401.5610046386719,73209200,0.010842412350696051,408.2024978637695,396.71219970703123,-0.24977352566230937
2021-04-26,417.44000244140625,418.2200012207031,416.80999755859375,417.6099853515625,402.3992614746094,52182400,0.002087620908898691,409.28399658203125,397.2501995849609,-0.28721526802642294
2021-04-27,417.92999267578125,418.1400146484375,416.29998779296875,417.5199890136719,402.3125915527344,51303100,-0.00021550331899955477,410.37099609375,397.74779907226565,-0.01685050898387197
2021-04-28,417.80999755859375,419.010009765625,416.8999938964844,417.3999938964844,402.1968994140625,51238900,-0.00028739969425406464,411.50449523925784,398.24979919433594,-0.0012513863684651128
2021-04-29,420.32000732421875,420.7200012207031,416.44000244140625,420.05999755859375,404.7600402832031,78544300,0.006372792767143753,412.69099578857424,398.8031988525391,0.532903711828318
2021-04-30,417.6300048828125,418.5400085449219,416.3399963378906,417.29998779296875,402.1005554199219,85527000,-0.006570513216365037,413.5254959106445,399.33479858398437,0.08890142250933541
2021-05-03,419.42999267578125,419.8399963378906,417.6700134277344,418.20001220703125,402.9678649902344,68128300,0.0021567803508037997,414.117497253418,399.89819885253905,-0.20342932641154254
2021-05-04,416.07000732421875,416.6000061035156,411.6700134277344,415.6199951171875,400.4818115234375,101591200,-0.006169337672248809,414.59249725341795,400.4699987792969,0.4911747394254664
2021-05-05,417.3800048828125,417.6300048828125,415.1499938964844,415.75,400.6070861816406,60162200,0.00031279746965928723,415.0504974365234,401.03499877929687,-0.40780106938396243
2021-05-06,415.8299865722656,419.2099914550781,413.67999267578125,419.07000732421875,403.8061218261719,74321400,0.007985585867032574,415.57799835205077,401.5809991455078,0.23535043598804561
2021-05-07,419.8900146484375,422.82000732421875,419.1600036621094,422.1199951171875,406.74505615234375,67733800,0.007277991122397465,416.10949859619143,402.3767993164063,-0.08863665108568997
2021-05-10,422.5,422.739990234375,417.80999755859375,417.94000244140625,402.71728515625,81852400,-0.009902380186043613,416.4244979858398,403.12839965820314,0.2084424615184739
2021-05-11,413.1000061035156,415.2699890136719,410.05999755859375,414.2099914550781,399.1231384277344,116888000,-0.008924752271950998,416.49199829101565,403.6209997558594,0.42803387561024486
2021-05-12,411.2300109863281,412.5899963378906,404.0,405.4100036621094,390.6436462402344,134811000,-0.021245233032779476,416.1899978637695,403.99839965820314,0.15333481623434397
2021-05-13,407.07000732421875,412.3500061035156,407.0199890136719,410.2799987792969,395.3362731933594,106394000,0.01201251837200945,415.910498046875,404.5755993652344,-0.2107914042622635
2021-05-14,413.2099914550781,417.489990234375,413.17999267578125,416.5799865722656,401.40679931640625,82201600,0.015355337359152399,415.87649688720705,405.3731988525391,-0.22738500291369812
2021-05-17,415.3900146484375,416.3900146484375,413.3599853515625,415.5199890136719,400.3854675292969,65129200,-0.002544523483510863,415.8919967651367,406.01099853515626,-0.2076893880411087
2021-05-18,415.79998779296875,416.05999755859375,411.7699890136719,411.94000244140625,396.9357604980469,59810200,-0.00861567834742083,415.8804962158203,406.61539855957034,-0.08166843750575781
2021-05-19,406.9200134277344,411.04998779296875,405.3299865722656,410.8599853515625,395.8951721191406,106467100,-0.0026217825009537954,415.6199951171875,407.08919799804687,0.7800826614858336
2021-05-20,411.79998779296875,416.6300048828125,411.6700134277344,415.2799987792969,400.1541442871094,78022200,0.010757955472233016,415.77049560546874,407.6031982421875,-0.26717079736369265
2021-05-21,416.8699951171875,418.20001220703125,414.45001220703125,414.94000244140625,399.8265380859375,76578700,-0.0008187158998508304,415.6804962158203,408.03139831542967,-0.01850114454603946
2021-05-24,417.3399963378906,420.32000732421875,417.0799865722656,419.1700134277344,403.9024658203125,51376700,0.010194271368004548,415.7584976196289,408.5335986328125,-0.3290993448569902
2021-05-25,420.3299865722656,420.7099914550781,417.6199951171875,418.239990234375,403.0063781738281,57451400,-0.00221872548981783,415.79449768066405,408.97019836425784,0.11823842325412093
2021-05-26,418.8699951171875,419.6099853515625,417.760009765625,419.07000732421875,403.8061218261719,43088600,0.0019845474111135353,415.8779983520508,409.4333984375,-0.24999912969918925
2021-05-27,420.1700134277344,420.7200012207031,418.989990234375,419.2900085449219,404.0180969238281,56707700,0.000524974865435679,415.83949890136716,409.8739984130859,0.3160720004827262
2021-05-28,420.9700012207031,421.25,419.7900085449219,420.0400085449219,404.7408142089844,58520200,0.001788738068438045,415.9764999389648,410.4451983642578,0.03196214976096723
2021-06-01,422.57000732421875,422.7200012207031,419.20001220703125,419.6700134277344,404.38427734375,54216600,-0.0008808568461590172,416.05,411.04899841308594,-0.07354041852215132
2021-06-02,420.3699951171875,421.2300109863281,419.2900085449219,420.3299865722656,405.0202331542969,49097100,0.0015726001939970757,416.2854995727539,411.60379821777343,-0.0944267991722092
2021-06-03,417.8500061035156,419.989990234375,416.2799987792969,418.7699890136719,403.5169982910156,58138800,-0.0037113639483952188,416.4364990234375,412.1891979980469,0.18415955321190047
2021-06-04,420.75,422.9200134277344,418.8399963378906,422.6000061035156,407.20758056640625,55938800,0.00914587289042501,416.61299896240234,412.89079833984374,-0.037840478303645786
2021-06-07,422.5899963378906,422.7799987792969,421.19000244140625,422.19000244140625,406.8125,51555000,-0.0009701932233501243,416.61649932861326,413.54059814453126,-0.07836778765365005
2021-06-08,423.1099853515625,423.2099914550781,420.32000732421875,422.2799987792969,406.8992614746094,47134300,0.00021316548797978285,416.8334991455078,414.0665979003906,-0.0857472602075453
2021-06-09,423.17999267578125,423.260009765625,421.4100036621094,421.6499938964844,406.2921447753906,48436300,-0.0014919126755557066,417.20549926757815,414.58399780273436,0.027623195846761206
2021-06-10,422.9599914550781,424.6300048828125,421.54998779296875,423.6099853515625,408.1807861328125,51020100,0.004648384877148359,418.1154983520508,415.1615972900391,0.05334428930368329
2021-06-11,424.20001220703125,424.42999267578125,422.82000732421875,424.30999755859375,408.855224609375,45570800,0.0016524922245406692,418.81699829101564,415.7211975097656,-0.10680692511382772
2021-06-14,424.42999267578125,425.3699951171875,423.1000061035156,425.260009765625,409.7707214355469,42358500,0.002238957866883773,419.2509994506836,416.21419799804687,-0.07049031397298267
2021-06-15,425.4200134277344,425.4599914550781,423.5400085449219,424.4800109863281,409.0190734863281,51508500,-0.0018341691233246804,419.6990005493164,416.5765985107422,0.2160133149190835
2021-06-16,424.6300048828125,424.8699951171875,419.9200134277344,422.1099853515625,406.7353820800781,80386100,-0.005583362168830042,420.2074996948242,416.8963983154297,0.5606375646737918
2021-06-17,421.6700134277344,423.0199890136719,419.32000732421875,421.9700012207031,406.6004333496094,90949700,-0.00033162951770204785,420.76300048828125,417.2039984130859,0.1314107787291583
2021-06-18,417.0899963378906,417.8299865722656,414.70001220703125,414.9200134277344,401.1153259277344,118676300,-0.01670731988666041,420.7450012207031,417.3319989013672,0.30485642063690155
2021-06-21,416.79998779296875,421.05999755859375,415.92999267578125,420.8599853515625,406.857666015625,72822000,0.0143159445955785,421.04100036621094,417.51939880371094,-0.3863812741044337
2021-06-22,420.8500061035156,424.0,420.0799865722656,423.1099853515625,409.03271484375,57700300,0.0053461960706966405,421.23799896240234,417.7487982177734,-0.20765290708851725
2021-06-23,423.19000244140625,424.04998779296875,422.510009765625,422.6000061035156,408.5397644042969,49445400,-0.001205311303686507,421.45599975585935,417.9435986328125,-0.14306511404620081
2021-06-24,424.8900146484375,425.54998779296875,424.6199951171875,425.1000061035156,410.9565734863281,45110300,0.005915759498090534,421.7574996948242,418.2165985107422,-0.08767448539196776
2021-06-25,425.8999938964844,427.0899963378906,425.54998779296875,426.6099853515625,412.41632080078125,58129500,0.0035520565193292164,422.1234985351563,418.4313983154297,0.28860814492477327
2021-06-28,427.1700134277344,427.6499938964844,425.8900146484375,427.4700012207031,413.24774169921875,53159600,0.0020159300032134286,422.4949981689453,418.63559814453123,-0.0854970367885497
2021-06-29,427.8800048828125,428.55999755859375,427.1300048828125,427.70001220703125,413.4701232910156,35970500,0.0005380751530430494,422.89649810791013,418.8853985595703,-0.32334893415300336
2021-06-30,427.2099914550781,428.7799987792969,427.17999267578125,428.05999755859375,413.818115234375,64827900,0.0008416772066590639,423.2829986572266,419.2031982421875,0.8022518452620897
2021-07-01,428.8699951171875,430.6000061035156,428.79998779296875,430.42999267578125,416.10919189453125,53441000,0.00553659564244402,423.86599884033205,419.49039794921873,-0.1756481391499648
2021-07-02,431.6700134277344,434.1000061035156,430.5199890136719,433.7200012207031,419.289794921875,57697700,0.007643539253548326,424.42199859619143,419.91939819335937,0.07965232686514101
2021-07-06,433.7799987792969,434.010009765625,430.010009765625,432.92999267578125,418.52606201171875,68710400,-0.00182147132412247,424.95899810791013,420.2431982421875,0.19086896011452792
2021-07-07,433.6600036621094,434.760009765625,431.510009765625,434.4599914550781,420.0051574707031,63549500,0.003534055863952723,425.56799774169923,420.5801983642578,-0.07511090024217582
2021-07-08,428.7799987792969,431.7300109863281,427.5199890136719,430.9200134277344,416.5829772949219,97595200,-0.008147995435639044,426.03149871826173,420.84819885253904,0.5357351356029552
2021-07-09,432.5299987792969,435.8399963378906,430.7099914550781,435.5199890136719,421.0298767089844,76238600,0.010674778247933281,426.6269989013672,421.2105987548828,-0.2188283850025411
2021-07-12,435.42999267578125,437.3500061035156,434.9700012207031,437.0799865722656,422.53802490234375,52889600,0.003581919539736189,427.26549835205077,421.5509985351562,-0.3062621821492
2021-07-13,436.239990234375,437.8399963378906,435.30999755859375,435.5899963378906,421.0975646972656,52911300,-0.0034089646750015135,427.78199768066406,421.9167987060547,0.0004102886011616569
2021-07-14,437.3999938964844,437.9200134277344,434.9100036621094,436.239990234375,421.7259521484375,64130400,0.0014922149313552069,428.36999664306643,422.27759826660156,0.21203599231166126
2021-07-15,434.80999755859375,435.5299987792969,432.7200012207031,434.75,420.2855224609375,55126400,-0.0034155287633637066,429.00199737548826,422.66019836425784,-0.14040143208213263
2021-07-16,436.010009765625,436.05999755859375,430.9200134277344,431.3399963378906,416.98895263671875,75874700,-0.007843596692603483,429.47049713134766,422.9719982910156,0.3763768357810413
2021-07-19,426.19000244140625,431.4100036621094,421.9700012207031,424.9700012207031,410.8309020996094,147987000,-0.014767921294730924,429.9729965209961,423.0899981689453,0.9504129835109727
2021-07-20,425.67999267578125,432.4200134277344,424.8299865722656,431.05999755859375,416.71826171875,99608200,0.014330414665499891,430.48299713134764,423.26879821777345,-0.3269124990708643
2021-07-21,432.3399963378906,434.70001220703125,431.010009765625,434.54998779296875,420.0921325683594,64724400,0.008096298088761111,431.054997253418,423.6009979248047,-0.3502101232629442
2021-07-22,434.739990234375,435.7200012207031,433.69000244140625,435.4599914550781,420.97186279296875,47878500,0.00209412884057647,431.69799652099607,424.0259979248047,-0.2602712423753638
2021-07-23,437.5199890136719,440.29998779296875,436.7900085449219,439.94000244140625,425.3028259277344,63766600,0.010287996771777497,432.43999633789065,424.71659790039064,0.33184205854402293
2021-07-26,439.30999755859375,441.0299987792969,439.260009765625,441.0199890136719,426.3468933105469,43719200,0.002454849675574744,433.1604965209961,425.33139770507813,-0.31438715565829134
2021-07-27,439.9100036621094,439.94000244140625,435.989990234375,439.010009765625,424.40380859375,67397100,-0.00455756949371422,433.7374969482422,425.7799981689453,0.5415904225145931
2021-07-28,439.67999267578125,440.29998779296875,437.30999755859375,438.8299865722656,424.22979736328125,52472400,-0.0004100662612578354,434.2939956665039,426.2461981201172,-0.22144424611741453
2021-07-29,439.82000732421875,441.79998779296875,439.80999755859375,440.6499938964844,425.9891662597656,47435300,0.00414740874577646,434.9234954833984,426.8203979492188,-0.09599522796746485
2021-07-30,437.9100036621094,440.05999755859375,437.7699890136719,438.510009765625,423.9204406738281,68951200,-0.004856426098946209,435.32749633789064,427.3733984375,0.4535841451408551
2021-08-02,440.3399963378906,440.92999267578125,437.2099914550781,437.5899963378906,423.031005859375,58783300,-0.0020980443028566498,435.52099609375,427.81959838867186,-0.14746516376799823
2021-08-03,438.44000244140625,441.2799987792969,436.1000061035156,441.1499938964844,426.47259521484375,58053900,0.008135463763766726,435.93199615478517,428.34379821777344,-0.012408286026813764
2021-08-04,439.7799987792969,441.1199951171875,438.7300109863281,438.9800109863281,424.3747863769531,46732200,-0.004918923133127029,436.15799713134766,428.7399981689453,-0.19502048957951146
2021-08-05,440.2200012207031,441.8500061035156,439.8800048828125,441.760009765625,427.06231689453125,38969700,0.006332859605726826,436.6999969482422,429.2103985595703,-0.1661060253957657
2021-08-06,442.1000061035156,442.94000244140625,441.79998779296875,442.489990234375,427.7679748535156,46930000,0.0016524367362660275,437.04849700927736,429.6787982177734,0.20426895767737507
2021-08-09,442.4599914550781,442.79998779296875,441.30999755859375,442.1300048828125,427.4199523925781,41222600,-0.0008135446213638486,437.3009979248047,430.13559814453123,-0.12161517153206902
2021-08-10,442.6099853515625,443.44000244140625,441.8800048828125,442.67999267578125,427.9516296386719,43339300,0.001243950392180615,437.6554977416992,430.5883978271484,0.051348046945122405
2021-08-11,443.82000732421875,443.8800048828125,442.6199951171875,443.7799987792969,429.01513671875,44034300,0.002484878742467389,438.0324981689453,431.0705975341797,0.01603625346971449
2021-08-12,443.6199951171875,445.260009765625,442.6600036621094,445.1099853515625,430.30084228515625,38909400,0.0029969502364324274,438.5504974365234,431.56619750976563,-0.11638427316887068
2021-08-13,445.5899963378906,445.94000244140625,445.07000732421875,445.9200134277344,431.08392333984375,39470300,0.0018198380239258238,439.2794982910156,432.10919799804685,0.014415539689637935
2021-08-16,444.5299987792969,447.1099853515625,442.8699951171875,446.9700012207031,432.09893798828125,73740000,0.002354655008411921,440.37949829101564,432.59659790039063,0.8682401704572806
2021-08-17,444.239990234375,444.9599914550781,440.8500061035156,444.0400085449219,429.2664489746094,92673900,-0.00655523338877162,441.028498840332,433.0335980224609,0.2567656631407649
2021-08-18,442.9599914550781,444.6300048828125,438.9200134277344,439.17999267578125,424.5680847167969,89351900,-0.01094499544098837,441.25999908447267,433.3715979003906,-0.03584612280264454
2021-08-19,436.2699890136719,441.1400146484375,436.1199951171875,439.8599853515625,425.2254638671875,92812200,0.0015483234371362897,441.47999877929686,433.73579772949216,0.03872665270688147
2021-08-20,440.2300109863281,443.7099914550781,439.7099914550781,443.3599853515625,428.6090393066406,72008700,0.00795707751684338,441.6509979248047,434.1307977294922,-0.22414617905835654
2021-08-23,445.1600036621094,448.2300109863281,443.44000244140625,447.260009765625,432.3793029785156,54973000,0.008796518727259395,441.96299896240237,434.5897979736328,-0.23657835789286574
2021-08-24,447.9700012207031,448.5400085449219,447.4200134277344,447.9700012207031,433.0657043457031,38744700,0.0015874244054374653,442.41099853515624,435.0439978027344,-0.29520491877830934
2021-08-25,448.1700134277344,449.4599914550781,447.7699890136719,448.9100036621094,433.9744567871094,40529700,0.0020983602447592897,442.9149993896484,435.53259765625,0.046070817427932065
2021-08-26,448.6099853515625,448.8599853515625,446.1600036621094,446.260009765625,431.41259765625,57829600,-0.005903174076911433,443.1955001831055,436.0155981445312,0.4268450050210093
2021-08-27,447.1199951171875,450.6499938964844,447.05999755859375,450.25,435.269775390625,77235100,0.008940954033659798,443.7824996948242,436.58119812011716,0.3355634484762129
2021-08-30,450.9700012207031,453.07000732421875,450.7099914550781,452.2300109863281,437.1840515136719,48357400,0.004397581313332788,444.5145004272461,437.32739807128905,-0.37389347589373223
2021-08-31,452.1300048828125,452.489990234375,450.9200134277344,451.55999755859375,436.53619384765625,59300200,-0.0014815766566952382,445.0350006103516,437.9413983154297,0.2262900817661826
2021-09-01,452.55999755859375,453.1099853515625,451.54998779296875,451.79998779296875,436.7682189941406,48721400,0.0005314692082392103,445.6759994506836,438.5151983642578,-0.17839400204383793
2021-09-02,453.32000732421875,454.04998779296875,451.9100036621094,453.19000244140625,438.1120300292969,42501000,0.0030766150641741152,446.2474990844727,439.12699829101564,-0.1276728501233544
2021-09-03,451.9800109863281,453.6300048828125,451.54998779296875,453.0799865722656,438.00567626953125,47170500,-0.0002427588175996087,446.77699890136716,439.6865979003906,0.10986800310580924
2021-09-07,452.7099914550781,452.80999755859375,450.739990234375,451.4599914550781,436.43951416015625,51671500,-0.003575516829695813,447.24349822998045,440.18359802246096,0.09541980687081963
2021-09-08,450.8900146484375,451.6700134277344,448.8599853515625,450.9100036621094,435.90789794921875,56181900,-0.0012182425981892564,447.6549987792969,440.65239807128904,0.08728989868689707
2021-09-09,450.70001220703125,452.57000732421875,448.7200012207031,448.9800109863281,434.0420837402344,57970400,-0.004280217028024724,447.9149993896484,441.077998046875,0.03183409603448806
2021-09-10,451.0400085449219,451.489990234375,445.30999755859375,445.44000244140625,430.61981201171875,89948200,-0.007884557125706126,447.93150024414064,441.42559814453125,0.5516228972027104
2021-09-13,448.6400146484375,448.9200134277344,444.1099853515625,446.5799865722656,431.7219543457031,83738600,0.0025592316015876637,447.96449890136716,441.74859802246095,-0.06903528919978386
2021-09-14,448.1199951171875,448.3399963378906,443.2200012207031,444.1700134277344,429.3921813964844,78197100,-0.005396509510041114,447.8244995117187,441.95759826660156,-0.06617617204013437
2021-09-15,444.6199951171875,448.4100036621094,443.44000244140625,447.8800048828125,432.9786682128906,78792200,0.008352638275707758,448.0164993286133,442.2565985107422,0.007610256646346292
2021-09-16,447.32000732421875,448.3599853515625,444.0199890136719,447.1700134277344,432.2923278808594,77786700,-0.0015852269521696716,448.41600036621094,442.5107989501953,-0.012761415470059267
2021-09-17,444.9200134277344,445.3699951171875,441.0199890136719,441.3999938964844,428.08135986328125,118425000,-0.012903413372959749,448.49300079345704,442.7203985595703,0.522432498100575
2021-09-20,434.8800048828125,436.55999755859375,428.8599853515625,434.0400085449219,420.9433898925781,166445500,-0.016674185440266553,448.027001953125,442.6907989501953,0.40549292801351067
2021-09-21,436.5299987792969,437.9100036621094,433.07000732421875,433.6300048828125,420.5458068847656,92526100,-0.0009446218183523092,447.3455017089844,442.6217993164062,-0.444105728301456
2021-09-22,436.04998779296875,440.0299987792969,433.75,437.8599853515625,424.64813232421875,102350100,0.00975481498309394,446.84000091552736,442.66719909667967,0.10617544671179258
2021-09-23,439.8500061035156,444.8900146484375,439.6000061035156,443.17999267578125,429.8076171875,76396000,0.012150019417616509,446.5535003662109,442.8059991455078,-0.2535815793047589
2021-09-24,441.44000244140625,444.6700134277344,441.2099914550781,443.9100036621094,430.51556396484375,62094800,0.0016472110618543923,446.43600006103514,442.98919921875,-0.18719828263259852
2021-09-27,442.80999755859375,444.04998779296875,441.8999938964844,442.6400146484375,429.283935546875,61371100,-0.002860915508086981,446.05550079345704,443.21519958496094,-0.011654760140945797
2021-09-28,439.69000244140625,440.0400085449219,432.94000244140625,433.7200012207031,420.6330871582031,130436300,-0.02015184604315312,445.13000030517577,443.39019958496095,1.125370084616375
2021-09-29,435.19000244140625,437.0400085449219,433.8500061035156,434.45001220703125,421.34100341796875,82329200,0.001683138855191224,444.27450103759764,443.4579998779297,-0.36881680943111694
2021-09-30,436.0199890136719,436.7699890136719,428.7799987792969,429.1400146484375,416.19122314453125,140506000,-0.01222234413487222,443.1415023803711,443.34980041503906,0.7066362845746101
2021-10-01,430.9800109863281,436.0299987792969,427.2300109863281,434.239990234375,421.1373596191406,129240100,0.0118841762871158,442.19400177001955,443.325400390625,-0.08018091754088796
2021-10-04,433.0,433.9599914550781,426.3599853515625,428.6400146484375,415.7063293457031,128570000,-0.01289603839322806,440.9720031738281,443.09940063476563,-0.0051849232552435565
2021-10-05,430.239990234375,435.489990234375,429.3900146484375,433.1000061035156,420.0317687988281,90682500,0.010404981575824479,440.05400390625,442.9410009765625,-0.29468382982033137
2021-10-06,429.2699890136719,435.1199951171875,427.5400085449219,434.8999938964844,421.7774353027344,113032200,0.004156055801436631,439.2535034179688,442.8588006591797,0.24646100405260118
2021-10-07,438.3900146484375,441.67999267578125,438.20001220703125,438.6600036621094,425.42401123046875,72437500,0.008645688246479821,438.7375030517578,442.85540100097654,-0.35914279293864937
2021-10-08,439.4800109863281,439.8900146484375,437.19000244140625,437.8599853515625,424.64813232421875,74557400,-0.001823777649815339,438.35850219726564,442.79960083007813,0.029265228645384056
2021-10-11,437.1600036621094,440.260009765625,434.6199951171875,434.69000244140625,421.5738220214844,65233300,-0.007239718211772717,437.76400299072264,442.72320068359375,-0.12505935024558257
2021-10-12,435.6700134277344,436.1000061035156,432.7799987792969,433.6199951171875,420.53607177734375,71181200,-0.0024615411401438525,437.2365020751953,442.6438006591797,0.09117889176233618
2021-10-13,434.7099914550781,436.04998779296875,431.5400085449219,435.17999267578125,422.0489501953125,72974000,0.00359761444619755,436.60150146484375,442.52440063476564,0.025186425629239118
2021-10-14,439.0799865722656,442.6600036621094,438.5799865722656,442.5,429.1481628417969,70236800,0.01682064306130071,436.36800079345704,442.59480041503906,-0.03750924986981663
2021-10-15,444.75,446.260009765625,444.0899963378906,445.8699951171875,432.4164123535156,66260200,0.007615808174435079,436.5915008544922,442.6770001220703,-0.05661704405667689
2021-10-18,443.9700012207031,447.54998779296875,443.2699890136719,447.19000244140625,433.69659423828125,62213200,0.0029605206420579844,437.2490005493164,442.77100036621096,-0.061077388839756
2021-10-19,448.9200134277344,450.7099914550781,448.2699890136719,450.6400146484375,437.04254150390625,46996800,0.007714868821297793,438.09950103759763,442.94120056152343,-0.24458475050310868
2021-10-20,451.1300048828125,452.7300109863281,451.010009765625,452.4100036621094,438.7591247558594,49571600,0.003927722696912994,438.827001953125,443.13580078125,0.054786708882306856
2021-10-21,451.7699890136719,453.8299865722656,451.30999755859375,453.5899963378906,439.9035339355469,41305400,0.0026082373648450563,439.34750213623045,443.3320007324219,-0.16675273745451025
2021-10-22,453.1300048828125,454.6700134277344,451.04998779296875,453.1199951171875,439.44769287109375,58845100,-0.001036180745822679,439.80800170898436,443.49220092773436,0.42463455141458506
2021-10-25,454.2799987792969,455.8999938964844,452.3900146484375,455.54998779296875,441.8043518066406,45214500,0.005362801690428132,440.45350036621096,443.68480041503904,-0.2316352593503962
2021-10-26,457.20001220703125,458.489990234375,455.55999755859375,455.9599914550781,442.20196533203125,56075100,0.0009000190387353779,441.5654998779297,443.8646002197266,0.24020170520518858
2021-10-27,456.45001220703125,457.1600036621094,453.8599853515625,453.94000244140625,440.242919921875,72438000,-0.004430189164679965,442.5399993896484,444.06260009765623,0.2918033137702831
2021-10-28,455.4599914550781,458.3999938964844,455.45001220703125,458.32000732421875,444.4907531738281,51437900,0.00964886297584644,443.9989990234375,444.445400390625,-0.28990447002954256
2021-10-29,455.8699951171875,459.55999755859375,455.55999755859375,459.25,445.3927001953125,70162400,0.0020291339259019825,445.24949951171874,444.83320068359376,0.3640214705499252
2021-11-01,460.29998779296875,460.70001220703125,458.20001220703125,460.0400085449219,446.15887451171875,48433600,0.0017202145779464662,446.81949920654296,445.16680114746094,-0.30969294094842825
2021-11-02,460.2200012207031,462.2300109863281,460.0799865722656,461.8999938964844,447.9627990722656,48908400,0.004043094767878008,448.2594985961914,445.4596008300781,0.009803111889266969
2021-11-03,461.29998779296875,465.1499938964844,460.8299865722656,464.7200012207031,450.69769287109375,52509800,0.006105233516956243,449.75049896240233,445.79460083007814,0.07363561269638752
2021-11-04,465.3599853515625,467.0,464.989990234375,466.9100036621094,452.82159423828125,52847100,0.004712520303954415,451.16299896240236,446.15460083007815,0.006423562839698471
2021-11-05,469.2799987792969,470.6499938964844,466.9200134277344,468.5299987792969,454.3927001953125,66390600,0.0034696089278050124,452.6964996337891,446.6000006103516,0.25627707102187247
2021-11-08,469.70001220703125,470.2300109863281,468.20001220703125,468.92999267578125,454.7806091308594,50405200,0.0008537209944432522,454.4084991455078,446.9736004638672,-0.24077806195455376
2021-11-09,469.32000732421875,469.57000732421875,465.8800048828125,467.3800048828125,453.27740478515625,51149100,-0.003305371414023428,456.09649963378905,447.2766003417969,0.014758397943069435
2021-11-10,465.5799865722656,467.3800048828125,462.0400085449219,463.6199951171875,449.6308898925781,69429700,-0.008044866546158214,457.51849975585935,447.51780029296873,0.35739827289238724
2021-11-11,465.2099914550781,465.2900085449219,463.75,463.7699890136719,449.7763366699219,34848500,0.0003235276693500655,458.58199920654295,447.7572003173828,-0.4980750312906437
2021-11-12,465.1199951171875,467.8599853515625,464.1099853515625,467.2699890136719,453.1707458496094,53466700,0.007546844519723317,459.65199890136716,448.03880004882814,0.5342611590168873
2021-11-15,468.6400146484375,468.80999755859375,466.2300109863281,467.42999267578125,453.325927734375,46980500,0.00034242229518555156,460.66399841308595,448.32580017089845,-0.12131289194956862
2021-11-16,467.1499938964844,470.489990234375,467.07000732421875,469.2799987792969,455.1200866699219,48857500,0.003957824984497371,461.5959976196289,448.6822003173828,0.03995274635221002
2021-11-17,469.0,469.19000244140625,467.4800109863281,468.1400146484375,454.0144958496094,47858300,-0.002429219514628267,462.3824981689453,449.02680053710935,-0.02045131249040577
2021-11-18,469.239990234375,470.010009765625,466.3399963378906,469.7300109863281,455.5565185546875,50625600,0.0033964119454403807,463.1894989013672,449.4418005371094,0.05782278100141469
2021-11-19,469.6099853515625,470.94000244140625,468.5,468.8900146484375,454.7418212890625,57315600,-0.0017882535035962377,463.9779998779297,449.91080078125,0.13214658196643603
2021-11-22,470.8900146484375,473.5400085449219,467.3500061035156,467.57000732421875,453.46173095703125,72762000,-0.0028151747381706116,464.57900085449216,450.3306011962891,0.2694973096329796
2021-11-23,467.2200012207031,469.1000061035156,464.45001220703125,468.19000244140625,454.06298828125,73206500,0.0013259941986774049,465.1905014038086,450.8110009765625,0.006108957972568163
2021-11-24,466.05999755859375,469.57000732421875,465.19000244140625,469.44000244140625,455.2752685546875,61858800,0.00266985624101701,465.9655014038086,451.24220092773436,-0.15500945954252698
2021-11-26,462.3399963378906,463.8999938964844,457.7699890136719,458.9700012207031,445.1211853027344,112669600,-0.022303172218498646,465.9980010986328,451.47820068359374,0.8213997038416523
2021-11-29,464.07000732421875,466.55999755859375,461.7300109863281,464.6000061035156,450.5813293457031,86268800,0.012266607551340236,466.26550140380857,451.94220092773435,-0.2343205265661722
2021-11-30,462.0,464.0299987792969,455.29998779296875,455.55999755859375,441.8140869140625,148559600,-0.019457616070086114,466.0415008544922,452.37260070800784,0.7220547868986238
2021-12-01,461.6400146484375,464.6700134277344,450.2900085449219,450.5,436.90673828125,131939200,-0.011107203410551714,465.471501159668,452.7100006103516,-0.11187698405219182
2021-12-02,450.7300109863281,459.07000732421875,450.30999755859375,457.3999938964844,443.5985412597656,127637800,0.015316301657013032,465.10550079345705,453.10080078125,-0.032601380029589344
2021-12-03,459.1700134277344,460.29998779296875,448.9200134277344,453.4200134277344,439.7386474609375,137331600,-0.008701312903057756,464.4310012817383,453.30560119628905,0.07594772081624712
2021-12-06,456.1300048828125,460.7900085449219,453.55999755859375,458.7900085449219,444.94659423828125,98977500,0.01184331295081531,463.94400177001955,453.6032012939453,-0.2792809520896866
2021-12-07,464.4100036621094,468.8800048828125,458.6499938964844,468.2799987792969,454.1502380371094,95484700,0.020684823247291373,463.9115020751953,454.1160009765625,-0.035288828269051
2021-12-08,468.70001220703125,470.0,466.8299865722656,469.5199890136719,455.35284423828125,72238800,0.0026479675356780863,464.0185012817383,454.8320007324219,-0.24345156868063678
2021-12-09,468.1499938964844,469.6300048828125,466.1400146484375,466.3500061035156,452.2785339355469,61272600,-0.006751539837133391,464.1550018310547,455.4700006103516,-0.15180484725659893
2021-12-10,469.2300109863281,470.8999938964844,466.510009765625,470.739990234375,456.5360107421875,77159800,0.009413496458462456,464.50350189208984,456.3020001220703,0.25928718546299656
2021-12-13,470.19000244140625,470.55999755859375,466.2699890136719,466.57000732421875,452.4918518066406,87724700,-0.008858357047762389,464.4685028076172,456.9486004638672,0.13692233520563812
2021-12-14,463.0899963378906,465.739990234375,460.25,463.3599853515625,449.3787536621094,97264100,-0.006880043556733884,464.26500244140624,457.6429998779297,0.10874246363908902
2021-12-15,463.4200134277344,470.8599853515625,460.739990234375,470.6000061035156,456.4002380371094,116899300,0.015625045279773042,464.3310028076172,458.3929998779297,0.20187510088511584
2021-12-16,472.57000732421875,472.8699951171875,464.79998779296875,466.45001220703125,452.37548828125,116568600,-0.00881851645274212,464.2465026855469,459.0240002441406,-0.002828930541072583
2021-12-17,461.54998779296875,464.739990234375,458.05999755859375,459.8699951171875,447.56085205078125,135511600,-0.014106585738330457,463.75350189208984,459.44820007324216,0.16250516863031716
2021-12-20,454.4800109863281,455.3999938964844,451.1400146484375,454.9800109863281,442.8017883300781,107134800,-0.010633405490204417,463.05800170898436,459.7906005859375,-0.20940495131044135
2021-12-21,458.6099853515625,463.2099914550781,456.30999755859375,463.05999755859375,450.6654968261719,69806300,0.017758992432985066,462.83250122070314,460.3580004882813,-0.3484255349335603
2021-12-22,462.7900085449219,467.80999755859375,462.5799865722656,467.69000244140625,455.1716003417969,58890200,0.009998714868965974,462.8075012207031,461.0394006347656,-0.15637700322177228
2021-12-23,468.75,472.19000244140625,468.6400146484375,470.6000061035156,458.0036926269531,56439700,0.006222077972414919,462.8655014038086,461.7478009033203,-0.04161133770983971
2021-12-27,472.05999755859375,477.30999755859375,472.010009765625,477.260009765625,464.48541259765625,56808600,0.014152153794584565,463.7800018310547,462.4430010986328,0.006536179320584701
2021-12-28,477.7200012207031,478.80999755859375,476.05999755859375,476.8699951171875,464.10589599609375,47274600,-0.0008171953242616103,464.3935012817383,463.0630010986328,-0.16782670229507501
2021-12-29,476.9800109863281,478.55999755859375,475.9200134277344,477.4800109863281,464.6995849609375,54503000,0.0012792079086265673,465.489501953125,463.66880126953123,0.15290240425090862
2021-12-30,477.92999267578125,479.0,475.6700134277344,476.1600036621094,463.4148864746094,55329000,-0.0027645289726202504,466.77250213623046,464.1792010498047,0.01515512907546368
2021-12-31,475.6400146484375,476.8599853515625,474.6700134277344,474.9599914550781,462.24700927734375,65237400,-0.0025201869073463445,467.65050201416017,464.63020080566406,0.17908149433389364
